Workbook
Name Contract_Date: Placeholders!$B$18
Name Handover_Date: Placeholders!$B$2
Name Nominal_Handover_Price: Handover!$J$17:$J$64
Name Project_Address: Placeholders!$B$10
Name Project_Counteragent_Address_Line_1: Placeholders!$B$7
Name Project_Counteragent_Address_Line_2: Placeholders!$B$8
Name Project_Counteragent_Director: Placeholders!$B$6
Name Project_Counteragent_Director_Genitive: Placeholders!$B$5
Name Project_Counteragent_Entity_Type: Placeholders!$B$3
Name Project_Counteragent_ID: Placeholders!$B$9
Name Project_Counteragent_Name: Placeholders!$B$4
Name Project_Currency: Placeholders!$B$19
Name Project_Department: Placeholders!$B$1
Name Project_Insider_Address_Line1: Placeholders!$B$14
Name Project_Insider_Address_Line2: Placeholders!$B$15
Name Project_Insider_Director_Genitive: Placeholders!$B$16
Name Project_Insider_Director_Normative: Placeholders!$B$17
Name Project_Insider_Entity_Type: Placeholders!$B$11
Name Project_Insider_ID: Placeholders!$B$13
Name Project_Insider_Name: Placeholders!$B$12

Sheet Handover
C4: =IF(VLOOKUP("Project_Department",Placeholders!A:B,2,FALSE)<>"",IF( VLOOKUP("Project_Department",Placeholders!A:B,2,FALSE)="Tbilisi", "ქ. თბილისი", "ქ. ბათუმი" )) | I4: =DAY(VLOOKUP("Handover_Date",Placeholders!A:B,2,FALSE))& " "& IFERROR( VLOOKUP( MONTH(VLOOKUP("Handover_Date",Placeholders!A:B,2,FALSE)), {1,"იანვარი";2,"თებერვალი";3,"მარტი";4,"აპრილი";5,"მაისი";6,"ივნისი";7,"ივლისი";8,"აგვისტო";9,"სექტემბერი";10,"ოქტომბერი";11,"ნოემბერი";12,"დეკემბერი"}, 2, FALSE ), "" )& " "& YEAR(VLOOKUP("Handover_Date",Placeholders!A:B,2,FALSE))
C6: =" ერთი მხრივ "&VLOOKUP("Project_Counteragent_Entity_Type",Placeholders!A:B,2,FALSE)&" "&VLOOKUP("Project_Counteragent_Name",Placeholders!A:B,2,FALSE)& " - წარმოდგენილი დირექტორის "&VLOOKUP("Project_Counteragent_Director_Genitive",Placeholders!A:B,2,FALSE)& " სახით (შემდგომში დამკვეთი)."&CHAR(10)& "მისამართი :"&VLOOKUP("Project_Counteragent_Address_Line_1",Placeholders!A:B,2,FALSE)&" "&VLOOKUP("Project_Counteragent_Address_Line_2",Placeholders!A:B,2,FALSE)& CHAR(10)& "საიდენტიფიკაციო კოდი: "&VLOOKUP("Project_Counteragent_ID",Placeholders!A:B,2,FALSE)& CHAR(10)&CHAR(10)& " მეორე მხრივ, "&VLOOKUP("Project_Insider_Entity_Type",Placeholders!A:B,2,FALSE)&" "&VLOOKUP("Project_Insider_Name",Placeholders!A:B,2,FALSE)& " წარმოდგენილი დირექტორის "&VLOOKUP("Project_Insider_Director_Genitive",Placeholders!A:B,2,FALSE)& " სახით (შემდგომში შემსრულებელი)."& CHAR(10)& "მისამართი: "&VLOOKUP("Project_Insider_Address_Line1",Placeholders!A:B,2,FALSE)&" "&VLOOKUP("Project_Insider_Address_Line2",Placeholders!A:B,2,FALSE)& CHAR(10)& "საიდენტიფიკაციო ნომერი: "&VLOOKUP("Project_Insider_ID",Placeholders!A:B,2,FALSE)&"."& CHAR(10)&CHAR(10)& " ვადგენთ წინამდებარე აქტს მასზედ, რომ "& IFERROR( YEAR(VLOOKUP("Contract_Date",Placeholders!A:B,2,FALSE))& " წლის "& DAY(VLOOKUP("Contract_Date",Placeholders!A:B,2,FALSE))& " "& VLOOKUP( MONTH(VLOOKUP("Contract_Date",Placeholders!A:B,2,FALSE)), {1,"იანვარის";2,"თებერვალის";3,"მარტის";4,"აპრილის";5,"მაისის";6,"ივნისის";7,"ივლისის";8,"აგვისტოს";9,"სექტემბრის";10,"ოქტომბრის";11,"ნოემბრის";12,"დეკემბრის"}, 2, FALSE ), "" )& " ხელშეკრულების თანახმად დამკვეთმა მიიღო, ხოლო შემსრულებელმა ჩააბარა დამკვეთის ობიექტზე, მისამართზე "& VLOOKUP("Project_Address",Placeholders!A:B,2,FALSE)& " ქვემოთ მოცემული ერთეულები:" -> ერთი მხრივ - წარმოდგენილი დირექტორის სახით (შემდგომში დამკვეთი). მისამართი : საიდენტიფიკაციო კოდი: მეორე მხრივ, წარმოდგენილი დირექტორის სახით (შემდგომში შემსრულებელი). მისამართი: საიდენტიფიკაციო ნომერი: . ვადგენთ წინამდებარე აქტს მასზედ, რომ 1900 წლის 0 იანვარის ხელშეკრულების თანახმად დამკვეთმა მიიღო, ხოლო შემსრულებელმა ჩააბარა დამკვეთის ობიექტზე, მისამართზე ქვემოთ მოცემული ერთეულები:
J16: ="თანხა "&IF(Project_Currency="USD"," $", IF(Project_Currency = "EUR", " €"," ₾"))
C17: =IF(D17<>"",ROW()-16,"") | D17: {=_xlfn._xlws.FILTER(Jobs!A:A,Jobs!M:M= Handover_Date)} | E17: {=_xlfn._xlws.FILTER( Jobs!C:C,Jobs!M:M= Handover_Date)} | F17: {=_xlfn._xlws.FILTER( Jobs!B:B,Jobs!M:M= Handover_Date)} | G17: {=_xlfn._xlws.FILTER( Jobs!E:E,Jobs!M:M= Handover_Date)&" კგ"} | H17: {=_xlfn._xlws.FILTER( Jobs!D:D,Jobs!M:M= Handover_Date)} | I17: {=_xlfn._xlws.FILTER( Jobs!N:N,Jobs!M:M= Handover_Date)} | J17: {=_xlfn._xlws.FILTER( Jobs!F:F,Jobs!M:M= Handover_Date)} | K17: {=_xlfn._xlws.FILTER( Jobs!K:K,Jobs!M:M= Handover_Date)}
C18: =IF(D18<>"",ROW()-16,"")
C19: =IF(D19<>"",ROW()-16,"")
C20: =IF(D20<>"",ROW()-16,"")
C21: =IF(D21<>"",ROW()-16,"")
C22: =IF(D22<>"",ROW()-16,"")
C23: =IF(D23<>"",ROW()-16,"")
C24: =IF(D24<>"",ROW()-16,"")
C25: =IF(D25<>"",ROW()-16,"")
C26: =IF(D26<>"",ROW()-16,"")
C27: =IF(D27<>"",ROW()-16,"")
C28: =IF(D28<>"",ROW()-16,"")
C29: =IF(D29<>"",ROW()-16,"")
... C63: =IF(D63<>"",ROW()-16,"")
J64: =SUM(J17:J63) | K64: =SUM(K17:K63)
C69: =VLOOKUP("Project_Counteragent_Entity_Type",Placeholders!A:B,2,FALSE)& " "& VLOOKUP("Project_Counteragent_Name",Placeholders!A:B,2,FALSE)& CHAR(10)&CHAR(10)& "(დამკვეთი)"& CHAR(10)&CHAR(10)&CHAR(10)&CHAR(10)& "----------------------------------"& CHAR(10)& "დირექტორი"& CHAR(10)& VLOOKUP("Project_Counteragent_Director",Placeholders!A:B,2,FALSE) -> (დამკვეთი) ---------------------------------- დირექტორი | H69: =VLOOKUP("Project_Insider_Entity_Type",Placeholders!A:B,2,FALSE)& " "& VLOOKUP("Project_Insider_Name",Placeholders!A:B,2,FALSE)& CHAR(10)&CHAR(10)& "(შემსრულებელი)"& CHAR(10)&CHAR(10)&CHAR(10)&CHAR(10)& "----------------------------------"& CHAR(10)& "დირექტორი"& CHAR(10)& VLOOKUP("Project_Insider_Director_Normative",Placeholders!A:B,2,FALSE) -> (შემსრულებელი) ---------------------------------- დირექტორი

Sheet Placeholders
A1: Placeholder Name | B1: Value
A2: Project_Department | B2: Tbilisi
A3: Handover_Date | B3: 45846
A4: Project_Counteragent_Entity_Type | B4: შპს
A5: Project_Counteragent_Name | B5: ოპტიმა
A6: Project_Counteragent_Director_Genitive | B6: შორენა დარჩიაშვილის
A7: Project_Counteragent_Director | B7: შორენა დარჩიაშვილი
A8: Project_Counteragent_Address_Line_1 | B8: ქ. თბილისი, ალ. ყაზბეგის გამზ., N15, საოფისე ფართი, დ ბლოკი, 4 სართული
A9: Project_Counteragent_Address_Line_2
A10: Project_Counteragent_ID | B10: 405160819
A11: Project_Address | B11: ქალაქი თბილისში, ჭყონდიდელის ქუჩაზე ს/კ: 01.12.12.024.213 (II კორპუსი), ს/კ:01.12.12.024.215 (III კორპუსი); ს/კ: 01.12.12.024.214 (IV კორპუსი); ს/კ: 01.12.12.024.212 (Vკორპუსი), ს/კ: 01.12.12.024.224 (VI-VII კორპუსები); ს/კ: 01.12.12.024.262 (VIII-IX-X კორპუსები), ს/კ: 01.12.12.024.260 (XI კორპუსი); ს/კ: 01.12.12.025.216 (XII კორპუსი)
A12: Project_Insider_Entity_Type | B12: შპს
A13: Project_Insider_Name | B13: აი-სი-ი
A14: Project_Insider_ID | B14: 400017245
A15: Project_Insider_Address_Line1 | B15: ქ. თბილისი,ვაკის რაიონი, ზურაბ ანჯაფარიძის I შესახვევი N 4
A16: Project_Insider_Address_Line2
A17: Project_Insider_Director_Genitive | B17: გიორგი ბახტაძის
A18: Project_Insider_Director_Normative | B18: გიორგი ბახტაძე
A19: Contract_Date | B19: 45846
A20: Project_Currency | B20: USD

Sheet Jobs
A1: Job Name | B1: Factory No | C1: Brand Name | D1: Floors | E1: Weight (kg) | F1: Selling Price | G1: Paid Nominal | H1: Paid GEL | I1: Debit Nominal | J1: Debit GEL | K1: Total GEL | L1: Type | M1: Lift Cert Date | N1: Lift Cert Doc No
A2: L0301 | B2: K6NC1206 | C2: OTIS | D2: 10 | E2: 400 | F2: 38805 | G2: 27163.5 | H2: 73636.56 | I2: 11641.5 | J2: 31306.32 | K2: 104942.88 | L2: NOT FF | M2: 46148 | N2: 0746-26
A3: L0302 | B3: K6NC1207 | C3: OTIS | D3: 10 | E3: 400 | F3: 38805 | G3: 27163.5 | H3: 73636.56 | I3: 11641.5 | J3: 31306.32 | K3: 104942.88 | L3: NOT FF | M3: 46148 | N3: 0747-26
A4: L0401 | B4: K6NC1208 | C4: OTIS | D4: 10 | E4: 320 | F4: 37310 | G4: 35444.5 | H4: 95941.73 | I4: 1865.5 | J4: 5024.91 | K4: 100966.64 | L4: NOT FF | M4: 46132 | N4: 0594-26
A5: L0402 | B5: K6NC1209 | C5: OTIS | D5: 10 | E5: 320 | F5: 37310 | G5: 35444.5 | H5: 95941.73 | I5: 1865.5 | J5: 5024.91 | K5: 100966.64 | L5: NOT FF | M5: 46132 | N5: 0608-26
A6: L0501 | B6: K6NC1210 | C6: OTIS | D6: 10 | E6: 320 | F6: 37310 | G6: 26117 | H6: 70799.64 | I6: 11193 | J6: 29825.99 | K6: 100625.63 | L6: NOT FF | M6: 46178 | N6: 0976-26
A7: L0502 | B7: K6NC1211 | C7: OTIS | D7: 10 | E7: 320 | F7: 37310 | G7: 26117 | H7: 70799.64 | I7: 11193 | J7: 29825.99 | K7: 100625.63 | L7: NOT FF | M7: 46178 | N7: 0977-26
A8: L0601 | B8: K6NC1212 | C8: OTIS | D8: 10 | E8: 630 | F8: 44840 | G8: 31388 | H8: 85088.61 | I8: 13452 | J8: 35684.12 | K8: 120772.73 | L8: NOT FF | M8: 46192 | N8: 1097-26
A9: L0602 | B9: K6NC1213 | C9: OTIS | D9: 10 | E9: 630 | F9: 44840 | G9: 31388 | H9: 85088.61 | I9: 13452 | J9: 35684.12 | K9: 120772.73 | L9: NOT FF | M9: 46192 | N9: 1096-26
A10: L0701 | B10: K6NC1214 | C10: OTIS | D10: 10 | E10: 630 | F10: 44840 | G10: 31388 | H10: 85088.61 | I10: 13452 | J10: 0 | K10: 0 | L10: NOT FF
A11: L0702 | B11: K6NC1215 | C11: OTIS | D11: 10 | E11: 630 | F11: 44840 | G11: 31388 | H11: 85088.61 | I11: 13452 | J11: 0 | K11: 0 | L11: NOT FF
A12: L0801 | B12: K6NC1216 | C12: OTIS | D12: 11 | E12: 630 | F12: 47220 | G12: 44859 | H12: 121425.05 | I12: 2361 | J12: 6370.21 | K12: 127795.26 | L12: NOT FF | M12: 46118 | N12: 0560-26
A13: L0802 | B13: K6NC1217 | C13: OTIS | D13: 11 | E13: 630 | F13: 47220 | G13: 44859 | H13: 121425.05 | I13: 2361 | J13: 6370.21 | K13: 127795.26 | L13: NOT FF | M13: 46118 | N13: 0561-26
A14: L0901 | B14: K6NC1218 | C14: OTIS | D14: 11 | E14: 630 | F14: 47220 | G14: 44859 | H14: 121425.05 | I14: 2361 | J14: 6359.59 | K14: 127784.64 | L14: NOT FF | M14: 46132 | N14: 0607-26
A15: L0902 | B15: K6NC1219 | C15: OTIS | D15: 11 | E15: 630 | F15: 47220 | G15: 44859 | H15: 121425.05 | I15: 2361 | J15: 6359.59 | K15: 127784.64 | L15: NOT FF | M15: 46132 | N15: 0593-26
A16: L1001 | B16: K6NC1220 | C16: OTIS | D16: 11 | E16: 630 | F16: 47220 | G16: 37776 | H16: 102366.11 | I16: 9444 | J16: 25438.36 | K16: 127804.47 | L16: NOT FF | M16: 46136 | N16: 0666-26
A17: L1002 | B17: K6NC1221 | C17: OTIS | D17: 11 | E17: 630 | F17: 47220 | G17: 37776 | H17: 102366.11 | I17: 9444 | J17: 25438.36 | K17: 127804.47 | L17: NOT FF | M17: 46136 | N17: 0667-26
A18: L1101 | B18: K6NC1222 | C18: OTIS | D18: 26 | E18: 1050 | F18: 74170 | G18: 59336 | H18: 160789.8 | I18: 14834 | J18: 0 | K18: 0 | L18: NOT FF
A19: L1102 | B19: K6NC1223 | C19: OTIS | D19: 26 | E19: 1050 | F19: 74170 | G19: 59336 | H19: 160789.8 | I19: 14834 | J19: 0 | K19: 0 | L19: NOT FF
A20: L1103 | B20: K6NC1224 | C20: OTIS | D20: 26 | E20: 1600 | F20: 86040 | G20: 81738 | H20: 221249.71 | I20: 4302 | J20: 11587.87 | K20: 232837.58 | L20: NOT FF | M20: 46132 | N20: 0622-26
A21: L1201 | B21: K6NC1225 | C21: OTIS | D21: 26 | E21: 1050 | F21: 74170 | G21: 59336 | H21: 160789.8 | I21: 14834 | J21: 0 | K21: 0 | L21: NOT FF
A22: L1202 | B22: K6NC1226 | C22: OTIS | D22: 26 | E22: 1600 | F22: 86040 | G22: 81738 | H22: 221249.74 | I22: 4302 | J22: 11587.87 | K22: 232837.61 | L22: NOT FF | M22: 46132 | N22: 0623-26
F23: 1084120 | G23: 899474 | H23: 2436411.6 | I23: 184646 | J23: 303194.74 | K23: 2087059.7

Sheet Income Payments
A1: Latest Date | B1: Payment ID | C1: Financial Code | D1: Accrual | E1: Order | F1: Payment | G1: Paid % | H1: Due
A2: 46105 | B2: fcdee1_4a_820648 | C2: 1.1.1.1. (+) ლიფტების ავანსი | D2: 325236 | E2: 325236 | F2: 325236 | G2: 1 | H2: 0
A3: 46105 | B3: bc9ec3_0a_14f1b8 | C3: 1.1.1.2. (+) ლიფტების საქარხნო მზაობის ავანსი | D3: 271030 | E3: 271030 | F3: 271030 | G3: 1 | H3: 0
A4: 46133 | B4: 8d434f_c5_1dbbf6 | C4: 1.1.1.4. (+) ლიფტების მონტაჟის პროგრესის ავანსი | D4: 162618 | E4: 162618 | F4: 75253 | G4: 0.4628 | H4: 87365
A5: 46133 | B5: 604d3e_94_d1b168 | C5: 1.1.1.3. (+) ლიფტების საბაჟოზე შემოსვლის ან დასაწყობების ავანსი | D5: 162618 | E5: 162618 | F5: 162618 | G5: 1 | H5: 0
A6: 46133 | B6: 276913_31_f9b0e0 | C6: 1.1.1.6. (+) ლიფტების თანხის დაკავების გარანტია | D6: 54206 | E6: 54206 | F6: 0 | G6: 0 | H6: 54206
A7: 46146 | B7: 188100_d8_818266 | C7: 1.1.1.5. (+) ლიფტების ჩაბარება | D7: 108412 | E7: 108412 | F7: 65337 | G7: 0.6027 | H7: 43075
D8: 1084120 | E8: 1084120 | F8: 899474 | G8: 4.0655 | H8: 184646

Sheet Job Distributions
A1: Date | B1: Nominal Amount | C1: Nom ISO | D1: Amount | E1: Financial Code | F1: Payment ID | G1: Batch ID | H1: Description | I1: ID1 | J1: ID2 | K1: Job Name | L1: Factory No | M1: Selling Price | N1: Allocation % | O1: Distributed Amount | P1: Distributed Amount (Account Curr)
A2: 46146 | B2: 65337 | C2: USD | D2: 175808.8 | E2: 1.1.1.5. (+) ლიფტების ჩაბარება | F2: 188100_d8_818266 | H2: ხელშ.08,07,25,მ.ჩ.27,04,26, ხელშეკრულების პროდუქციის ნაწილის გადაცემა და თანმდევი მომსახურება დანართი N1-ის შესაბამისად ( ჭყონდიდელის მე-4,8,9,11,12 ბლოკების L0401, L0402, L0801, L0802, L0901, L0902, L1103 და L1202 ლიფტები)(65,337 დოლარი კურსი2.6908) | I2: 46313099636 | J2: 116332933840 | K2: L0402 | L2: K6NC1209 | N2: 0.0857 | O2: 5599.3809 | P2: 15066.814
A3: 46146 | B3: 65337 | C3: USD | D3: 175808.8 | E3: 1.1.1.5. (+) ლიფტების ჩაბარება | F3: 188100_d8_818266 | H3: ხელშ.08,07,25,მ.ჩ.27,04,26, ხელშეკრულების პროდუქციის ნაწილის გადაცემა და თანმდევი მომსახურება დანართი N1-ის შესაბამისად ( ჭყონდიდელის მე-4,8,9,11,12 ბლოკების L0401, L0402, L0801, L0802, L0901, L0902, L1103 და L1202 ლიფტები)(65,337 დოლარი კურსი2.6908) | I3: 46313099636 | J3: 116332933840 | K3: L0801 | L3: K6NC1216 | N3: 0.1084 | O3: 7082.5308 | P3: 19057.674
A4: 46146 | B4: 65337 | C4: USD | D4: 175808.8 | E4: 1.1.1.5. (+) ლიფტების ჩაბარება | F4: 188100_d8_818266 | H4: ხელშ.08,07,25,მ.ჩ.27,04,26, ხელშეკრულების პროდუქციის ნაწილის გადაცემა და თანმდევი მომსახურება დანართი N1-ის შესაბამისად ( ჭყონდიდელის მე-4,8,9,11,12 ბლოკების L0401, L0402, L0801, L0802, L0901, L0902, L1103 და L1202 ლიფტები)(65,337 დოლარი კურსი2.6908) | I4: 46313099636 | J4: 116332933840 | K4: L0802 | L4: K6NC1217 | N4: 0.1084 | O4: 7082.5308 | P4: 19057.674
A5: 46146 | B5: 65337 | C5: USD | D5: 175808.8 | E5: 1.1.1.5. (+) ლიფტების ჩაბარება | F5: 188100_d8_818266 | H5: ხელშ.08,07,25,მ.ჩ.27,04,26, ხელშეკრულების პროდუქციის ნაწილის გადაცემა და თანმდევი მომსახურება დანართი N1-ის შესაბამისად ( ჭყონდიდელის მე-4,8,9,11,12 ბლოკების L0401, L0402, L0801, L0802, L0901, L0902, L1103 და L1202 ლიფტები)(65,337 დოლარი კურსი2.6908) | I5: 46313099636 | J5: 116332933840 | K5: L0901 | L5: K6NC1218 | N5: 0.1084 | O5: 7082.5308 | P5: 19057.674
A6: 46146 | B6: 65337 | C6: USD | D6: 175808.8 | E6: 1.1.1.5. (+) ლიფტების ჩაბარება | F6: 188100_d8_818266 | H6: ხელშ.08,07,25,მ.ჩ.27,04,26, ხელშეკრულების პროდუქციის ნაწილის გადაცემა და თანმდევი მომსახურება დანართი N1-ის შესაბამისად ( ჭყონდიდელის მე-4,8,9,11,12 ბლოკების L0401, L0402, L0801, L0802, L0901, L0902, L1103 და L1202 ლიფტები)(65,337 დოლარი კურსი2.6908) | I6: 46313099636 | J6: 116332933840 | K6: L0902 | L6: K6NC1219 | N6: 0.1084 | O6: 7082.5308 | P6: 19057.674
A7: 46146 | B7: 65337 | C7: USD | D7: 175808.8 | E7: 1.1.1.5. (+) ლიფტების ჩაბარება | F7: 188100_d8_818266 | H7: ხელშ.08,07,25,მ.ჩ.27,04,26, ხელშეკრულების პროდუქციის ნაწილის გადაცემა და თანმდევი მომსახურება დანართი N1-ის შესაბამისად ( ჭყონდიდელის მე-4,8,9,11,12 ბლოკების L0401, L0402, L0801, L0802, L0901, L0902, L1103 და L1202 ლიფტები)(65,337 დოლარი კურსი2.6908) | I7: 46313099636 | J7: 116332933840 | K7: L1103 | L7: K6NC1224 | N7: 0.1975 | O7: 12904.058 | P7: 34722.238
A8: 46146 | B8: 65337 | C8: USD | D8: 175808.8 | E8: 1.1.1.5. (+) ლიფტების ჩაბარება | F8: 188100_d8_818266 | H8: ხელშ.08,07,25,მ.ჩ.27,04,26, ხელშეკრულების პროდუქციის ნაწილის გადაცემა და თანმდევი მომსახურება დანართი N1-ის შესაბამისად ( ჭყონდიდელის მე-4,8,9,11,12 ბლოკების L0401, L0402, L0801, L0802, L0901, L0902, L1103 და L1202 ლიფტები)(65,337 დოლარი კურსი2.6908) | I8: 46313099636 | J8: 116332933840 | K8: L1202 | L8: K6NC1226 | N8: 0.1975 | O8: 12904.058 | P8: 34722.238
A9: 46146 | B9: 65337 | C9: USD | D9: 175808.8 | E9: 1.1.1.5. (+) ლიფტების ჩაბარება | F9: 188100_d8_818266 | H9: ხელშ.08,07,25,მ.ჩ.27,04,26, ხელშეკრულების პროდუქციის ნაწილის გადაცემა და თანმდევი მომსახურება დანართი N1-ის შესაბამისად ( ჭყონდიდელის მე-4,8,9,11,12 ბლოკების L0401, L0402, L0801, L0802, L0901, L0902, L1103 და L1202 ლიფტები)(65,337 დოლარი კურსი2.6908) | I9: 46313099636 | J9: 116332933840 | K9: L0401 | L9: K6NC1208 | N9: 0.0857 | O9: 5599.3809 | P9: 15066.814
A10: 46111 | B10: 75253 | C10: USD | D10: 203371.23 | E10: 1.1.1.4. (+) ლიფტების მონტაჟის პროგრესის ავანსი | F10: 8d434f_c5_1dbbf6 | H10: მ.ჩ.26,03,26, IV ტრანში, მე- 8,9,10,11,12 ლიფტების მექანიკური მონტაჟის ღირებულება(75,253 დოლარი კურსი 2.7025) | I10: 45666506693 | J10: 114087366837 | K10: L1202 | L10: K6NC1226 | N10: 0.1143 | O10: 8601.4179 | P10: 23245.332
A11: 46111 | B11: 75253 | C11: USD | D11: 203371.23 | E11: 1.1.1.4. (+) ლიფტების მონტაჟის პროგრესის ავანსი | F11: 8d434f_c5_1dbbf6 | H11: მ.ჩ.26,03,26, IV ტრანში, მე- 8,9,10,11,12 ლიფტების მექანიკური მონტაჟის ღირებულება(75,253 დოლარი კურსი 2.7025) | I11: 45666506693 | J11: 114087366837 | K11: L0901 | L11: K6NC1218 | N11: 0.0627 | O11: 4718.3631 | P11: 12751.376
A12: 46111 | B12: 75253 | C12: USD | D12: 203371.23 | E12: 1.1.1.4. (+) ლიფტების მონტაჟის პროგრესის ავანსი | F12: 8d434f_c5_1dbbf6 | H12: მ.ჩ.26,03,26, IV ტრანში, მე- 8,9,10,11,12 ლიფტების მექანიკური მონტაჟის ღირებულება(75,253 დოლარი კურსი 2.7025) | I12: 45666506693 | J12: 114087366837 | K12: L0902 | L12: K6NC1219 | N12: 0.0627 | O12: 4718.3631 | P12: 12751.376
A13: 46111 | B13: 75253 | C13: USD | D13: 203371.23 | E13: 1.1.1.4. (+) ლიფტების მონტაჟის პროგრესის ავანსი | F13: 8d434f_c5_1dbbf6 | H13: მ.ჩ.26,03,26, IV ტრანში, მე- 8,9,10,11,12 ლიფტების მექანიკური მონტაჟის ღირებულება(75,253 დოლარი კურსი 2.7025) | I13: 45666506693 | J13: 114087366837 | K13: L1001 | L13: K6NC1220 | N13: 0.0627 | O13: 4718.3631 | P13: 12751.376
... A43: 46045 | B43: 162618 | C43: USD | D43: 438190.46 | E43: 1.1.1.3. (+) ლიფტების საბაჟოზე შემოსვლის ან დასაწყობების ავანსი | F43: 604d3e_94_d1b168 | H43: ხელშ.08,07,25,ინვოისი 21.01.2026, III ტრანში, ჯამური ფასის 15%, ჭყონდიდელის ობიექტისთვის 23 ერთეული OTIS-ის ბრენდის ლიფტების წარმოება, ტრანსპორტირება, მიწოდება, ჩამოტვირთვა, ლიფტების ინსპექტირების სერთიფიკატის გაცემა(162,618 დოლარი კურსი 2.6946) | I43: 31558139150 | J43: 110061226831 | K43: L1202 | L43: K6NC1226 | N43: 0.0794 | O43: 12911.869 | P43: 34792.323
A44: 45937 | B44: 271030 | C44: USD | D44: 737228.71 | E44: 1.1.1.2. (+) ლიფტების საქარხნო მზაობის ავანსი | F44: bc9ec3_0a_14f1b8 | G44: BTC_369293_16_87D449 | H44: ხელშ.08,07,25, II ტრანში-ჯამური ფასის 25%, ჭყონდიდელის ობიექტისთვის 23 ერთეული OTIS-ის ბრენდის ლიფტების წარმოება,საბანკო გარანტიების NADV1122456-25 და NADV1122549-25 საფუძველზე(271,030 დოლარი კურსი 2.7201 და 30,780 ევრო კურსი 3.1714) | I44: 29698660805 | J44: 103703608507 | K44: L0301 | L44: K6NC1206 | N44: 0.0358 | O44: 9702.874 | P44: 26392.788
A45: 45937 | B45: 271030 | C45: USD | D45: 737228.71 | E45: 1.1.1.2. (+) ლიფტების საქარხნო მზაობის ავანსი | F45: bc9ec3_0a_14f1b8 | G45: BTC_369293_16_87D449 | H45: ხელშ.08,07,25, II ტრანში-ჯამური ფასის 25%, ჭყონდიდელის ობიექტისთვის 23 ერთეული OTIS-ის ბრენდის ლიფტების წარმოება,საბანკო გარანტიების NADV1122456-25 და NADV1122549-25 საფუძველზე(271,030 დოლარი კურსი 2.7201 და 30,780 ევრო კურსი 3.1714) | I45: 29698660805 | J45: 103703608507 | K45: L0302 | L45: K6NC1207 | N45: 0.0358 | O45: 9702.874 | P45: 26392.788
A46: 45937 | B46: 271030 | C46: USD | D46: 737228.71 | E46: 1.1.1.2. (+) ლიფტების საქარხნო მზაობის ავანსი | F46: bc9ec3_0a_14f1b8 | G46: BTC_369293_16_87D449 | H46: ხელშ.08,07,25, II ტრანში-ჯამური ფასის 25%, ჭყონდიდელის ობიექტისთვის 23 ერთეული OTIS-ის ბრენდის ლიფტების წარმოება,საბანკო გარანტიების NADV1122456-25 და NADV1122549-25 საფუძველზე(271,030 დოლარი კურსი 2.7201 და 30,780 ევრო კურსი 3.1714) | I46: 29698660805 | J46: 103703608507 | K46: L0501 | L46: K6NC1210 | N46: 0.0344 | O46: 9323.432 | P46: 25360.668
A47: 45937 | B47: 271030 | C47: USD | D47: 737228.71 | E47: 1.1.1.2. (+) ლიფტების საქარხნო მზაობის ავანსი | F47: bc9ec3_0a_14f1b8 | G47: BTC_369293_16_87D449 | H47: ხელშ.08,07,25, II ტრანში-ჯამური ფასის 25%, ჭყონდიდელის ობიექტისთვის 23 ერთეული OTIS-ის ბრენდის ლიფტების წარმოება,საბანკო გარანტიების NADV1122456-25 და NADV1122549-25 საფუძველზე(271,030 დოლარი კურსი 2.7201 და 30,780 ევრო კურსი 3.1714) | I47: 29698660805 | J47: 103703608507 | K47: L0502 | L47: K6NC1211 | N47: 0.0344 | O47: 9323.432 | P47: 25360.668
A48: 45937 | B48: 271030 | C48: USD | D48: 737228.71 | E48: 1.1.1.2. (+) ლიფტების საქარხნო მზაობის ავანსი | F48: bc9ec3_0a_14f1b8 | G48: BTC_369293_16_87D449 | H48: ხელშ.08,07,25, II ტრანში-ჯამური ფასის 25%, ჭყონდიდელის ობიექტისთვის 23 ერთეული OTIS-ის ბრენდის ლიფტების წარმოება,საბანკო გარანტიების NADV1122456-25 და NADV1122549-25 საფუძველზე(271,030 დოლარი კურსი 2.7201 და 30,780 ევრო კურსი 3.1714) | I48: 29698660805 | J48: 103703608507 | K48: L0601 | L48: K6NC1212 | N48: 0.0414 | O48: 11220.642 | P48: 30521.269
A49: 45937 | B49: 271030 | C49: USD | D49: 737228.71 | E49: 1.1.1.2. (+) ლიფტების საქარხნო მზაობის ავანსი | F49: bc9ec3_0a_14f1b8 | G49: BTC_369293_16_87D449 | H49: ხელშ.08,07,25, II ტრანში-ჯამური ფასის 25%, ჭყონდიდელის ობიექტისთვის 23 ერთეული OTIS-ის ბრენდის ლიფტების წარმოება,საბანკო გარანტიების NADV1122456-25 და NADV1122549-25 საფუძველზე(271,030 დოლარი კურსი 2.7201 და 30,780 ევრო კურსი 3.1714) | I49: 29698660805 | J49: 103703608507 | K49: L0602 | L49: K6NC1213 | N49: 0.0414 | O49: 11220.642 | P49: 30521.269
A50: 45937 | B50: 271030 | C50: USD | D50: 737228.71 | E50: 1.1.1.2. (+) ლიფტების საქარხნო მზაობის ავანსი | F50: bc9ec3_0a_14f1b8 | G50: BTC_369293_16_87D449 | H50: ხელშ.08,07,25, II ტრანში-ჯამური ფასის 25%, ჭყონდიდელის ობიექტისთვის 23 ერთეული OTIS-ის ბრენდის ლიფტების წარმოება,საბანკო გარანტიების NADV1122456-25 და NADV1122549-25 საფუძველზე(271,030 დოლარი კურსი 2.7201 და 30,780 ევრო კურსი 3.1714) | I50: 29698660805 | J50: 103703608507 | K50: L0702 | L50: K6NC1215 | N50: 0.0414 | O50: 11220.642 | P50: 30521.269
A51: 45937 | B51: 271030 | C51: USD | D51: 737228.71 | E51: 1.1.1.2. (+) ლიფტების საქარხნო მზაობის ავანსი | F51: bc9ec3_0a_14f1b8 | G51: BTC_369293_16_87D449 | H51: ხელშ.08,07,25, II ტრანში-ჯამური ფასის 25%, ჭყონდიდელის ობიექტისთვის 23 ერთეული OTIS-ის ბრენდის ლიფტების წარმოება,საბანკო გარანტიების NADV1122456-25 და NADV1122549-25 საფუძველზე(271,030 დოლარი კურსი 2.7201 და 30,780 ევრო კურსი 3.1714) | I51: 29698660805 | J51: 103703608507 | K51: L0801 | L51: K6NC1216 | N51: 0.0436 | O51: 11816.908 | P51: 32143.172
A52: 45937 | B52: 271030 | C52: USD | D52: 737228.71 | E52: 1.1.1.2. (+) ლიფტების საქარხნო მზაობის ავანსი | F52: bc9ec3_0a_14f1b8 | G52: BTC_369293_16_87D449 | H52: ხელშ.08,07,25, II ტრანში-ჯამური ფასის 25%, ჭყონდიდელის ობიექტისთვის 23 ერთეული OTIS-ის ბრენდის ლიფტების წარმოება,საბანკო გარანტიების NADV1122456-25 და NADV1122549-25 საფუძველზე(271,030 დოლარი კურსი 2.7201 და 30,780 ევრო კურსი 3.1714) | I52: 29698660805 | J52: 103703608507 | K52: L0802 | L52: K6NC1217 | N52: 0.0436 | O52: 11816.908 | P52: 32143.172
A53: 45937 | B53: 271030 | C53: USD | D53: 737228.71 | E53: 1.1.1.2. (+) ლიფტების საქარხნო მზაობის ავანსი | F53: bc9ec3_0a_14f1b8 | G53: BTC_369293_16_87D449 | H53: ხელშ.08,07,25, II ტრანში-ჯამური ფასის 25%, ჭყონდიდელის ობიექტისთვის 23 ერთეული OTIS-ის ბრენდის ლიფტების წარმოება,საბანკო გარანტიების NADV1122456-25 და NADV1122549-25 საფუძველზე(271,030 დოლარი კურსი 2.7201 და 30,780 ევრო კურსი 3.1714) | I53: 29698660805 | J53: 103703608507 | K53: L0901 | L53: K6NC1218 | N53: 0.0436 | O53: 11816.908 | P53: 32143.172
A54: 45937 | B54: 271030 | C54: USD | D54: 737228.71 | E54: 1.1.1.2. (+) ლიფტების საქარხნო მზაობის ავანსი | F54: bc9ec3_0a_14f1b8 | G54: BTC_369293_16_87D449 | H54: ხელშ.08,07,25, II ტრანში-ჯამური ფასის 25%, ჭყონდიდელის ობიექტისთვის 23 ერთეული OTIS-ის ბრენდის ლიფტების წარმოება,საბანკო გარანტიების NADV1122456-25 და NADV1122549-25 საფუძველზე(271,030 დოლარი კურსი 2.7201 და 30,780 ევრო კურსი 3.1714) | I54: 29698660805 | J54: 103703608507 | K54: L0902 | L54: K6NC1219 | N54: 0.0436 | O54: 11816.908 | P54: 32143.172
A55: 45937 | B55: 271030 | C55: USD | D55: 737228.71 | E55: 1.1.1.2. (+) ლიფტების საქარხნო მზაობის ავანსი | F55: bc9ec3_0a_14f1b8 | G55: BTC_369293_16_87D449 | H55: ხელშ.08,07,25, II ტრანში-ჯამური ფასის 25%, ჭყონდიდელის ობიექტისთვის 23 ერთეული OTIS-ის ბრენდის ლიფტების წარმოება,საბანკო გარანტიების NADV1122456-25 და NADV1122549-25 საფუძველზე(271,030 დოლარი კურსი 2.7201 და 30,780 ევრო კურსი 3.1714) | I55: 29698660805 | J55: 103703608507 | K55: L1002 | L55: K6NC1221 | N55: 0.0436 | O55: 11816.908 | P55: 32143.172
... A85: 45860 | B85: 325236 | C85: USD | D85: 881812.37 | E85: 1.1.1.1. (+) ლიფტების ავანსი | F85: fcdee1_4a_820648 | G85: BTC_F990AE_19_BD9D4C | H85: ხელშ.08,07,25, I ტრანში-ჯამური ფასის 30%, ჭყონდიდელის ობიექტისთვის 23 ერთეული OTIS-ის ბრენდის ლიფტების წარმოება,საბანკო გარანტიების ADV1118474-25,ADV1118453-25საფუძველზე(325,236 დოლარი კურსი 2.7113 და 36,936ევრო კურსი 3.1565) | I85: 28429130017 | J85: 99494594832 | K85: L0401 | L85: K6NC1208 | N85: 0.0344 | O85: 11188.118 | P85: 30334.346
B86: 17437549 | D86: 47252159 | M86: 0 | N86: 5.001 | O86: 899762.5 | P86: 2437193.8
