Workbook

Sheet Handover
C1: მიღება-ჩაბარების აქტი
Q3: თარიღი: | V3: 46169
C4: Comment: if project department = Batumi, then "ქ. ბათუმი", if project department = Batumi, then "ქ. თბილისი" | J4: Comment : Certificate Date in format dd თვე სრულად ქართულად yyyy წელი (the handover should depict only one date at once, so if there are multiple dates in certificates users should celect a date and only that day's certified jobs should persist in the handover act) for this example I will use 27.05.2026
C6: "ერთი მხრივ" + project.counteragent.entity_type.Name_Geo + project.counteragent.Name +" - წარმოდგენილი დირექტორის" + project.counteragent.Director_name+" (შემდგომში „დამკვეთი“)". მისამართი: "+ project.counteragent.address + " საიდენტიფიკაციო ნომერი: " + project.counteragent.id. "მეორე მხრივ, შპს „აი-სი-ი“ წარმოდგენილი დირექტორის გიორგი ბახტაძის სახით (შემდგომში „კონტრაქტორი“). მისამართი: ქ. თბილისი,ვაკის რაიონი, ზურაბ ანჯაფარიძის I შესახვევი N 4, საიდენტიფიკაციო ნომერი: 400017245." "ვადგენთ წინამდებარე აქტს მასზედ, რომ შემსრულებელმა მიაწოდა, ხოლო დამკვეთმა მიიღო," + if (project department = Batumi, then "ქ. ბათუმში", if project department = Tbuilisi, then "ქ. თბილიში," + Project.address + "-ში „დამკვეთის“ სამშენებლო ტერიტორიაზე შემდეგი ლიფტები:
C16: # | D16: კონტ. # | E16: მწარმოებელი | F16: საქარხნო ნომერი | G16: ამწეობა (კგ) | H16: სართ. | I16: სერტიფიკატის # | J16: თანხა + symbol lookup for the nominal currency, if it is USD than $, is | K16: თანხა ₾
C17: =IF(D17<>"",ROW()-16,"") -> 1 | D17: {=_xlfn._xlws.FILTER(Jobs!A:A,Jobs!M:M= V3)} -> L0001 | E17: {=_xlfn._xlws.FILTER( Jobs!C:C,Jobs!M:M= V3)} -> OTIS | F17: {=_xlfn._xlws.FILTER( Jobs!B:B,Jobs!M:M= V3)} -> K6NC0632 | G17: {=_xlfn._xlws.FILTER( Jobs!E:E,Jobs!M:M= V3)&" კგ"} -> 1000 კგ | H17: {=_xlfn._xlws.FILTER( Jobs!D:D,Jobs!M:M= V3)} -> 13 | I17: {=_xlfn._xlws.FILTER( Jobs!N:N,Jobs!M:M= V3)} -> 0860-26 | J17: {=_xlfn._xlws.FILTER( Jobs!F:F,Jobs!M:M= V3)} -> 44088 | K17: {=_xlfn._xlws.FILTER( Jobs!K:K,Jobs!M:M= V3)} -> 118268.1
C18: =IF(D18<>"",ROW()-16,"") -> 2 | D18: L0002 | E18: OTIS | F18: K6NC0633 | G18: 1600 კგ | H18: 13 | I18: 0861-26 | J18: 55044 | K18: 147664.18
C19: =IF(D19<>"",ROW()-16,"")
C20: =IF(D20<>"",ROW()-16,"")
C21: =IF(D21<>"",ROW()-16,"")
C22: =IF(D22<>"",ROW()-16,"")
C23: =IF(D23<>"",ROW()-16,"")
C24: =IF(D24<>"",ROW()-16,"")
C25: =IF(D25<>"",ROW()-16,"")
C26: =IF(D26<>"",ROW()-16,"")
C27: =IF(D27<>"",ROW()-16,"")
C28: =IF(D28<>"",ROW()-16,"")
C29: =IF(D29<>"",ROW()-16,"")
C30: =IF(D30<>"",ROW()-16,"")
... C63: =IF(D63<>"",ROW()-16,"")
C64: ჯამი | J64: =SUM(J17:J63) -> 99132 | K64: =SUM(K17:K63) -> 265932.28
C66: ცხრილში მოცემული თანხები მოცემულია მონტაჟის ღირებულების და დღგ-ს ჩათვლით. 1. მხარეები აცხადებენ, რომ ამ თარიღისთვის ხელშეკრულებით ნაკისრი ვალდებულებავ შემსრულებლის მიერ გაწეულია სრულად და ჯეროვნად. 2. წინამდებარე აქტზე ხელის მოწერით მხარეები ადასტურებენ, რომ ერთმანეთის მიმართ პრეტენზია არ გააჩნიათ. 3. წინამდებარე აქტი შედგენილია თანაბარი იურიდიული ძალის მქონე 2 (ორი) ეგზემპლარად, ერთი ეგზემპლარი გადაეცემა დამკვეთს, ხოლო ერთი - შემსრულებელს.
C69: project.counteragent.entity_type.Name_Geo + project.counteragent.Name (დამკვეთი) ---------------------------------- დირექტორი project.counteragent.Director_name | H69: შპს აი-სი-ი (შემსრულებელი) -------------------------------- დირექტორი გიორგი ბახტაძე

Sheet Jobs
A1: Job Name | B1: Factory No | C1: Brand Name | D1: Floors | E1: Weight (kg) | F1: Selling Price | G1: Paid Nominal | H1: Paid GEL | I1: Debit Nominal | J1: Debit GEL | K1: Total GEL | L1: Type | M1: Lift Cert Date | N1: Lift Cert Doc No
A2: L0001 | B2: K6NC0632 | C2: OTIS | D2: 13 | E2: 1000 | F2: 44088 | G2: 41872.75 | H2: 112346.29 | I2: 2215.25 | J2: 5921.81 | K2: 118268.1 | L2: NOT FF | M2: 46169 | N2: 0860-26
A3: L0002 | B3: K6NC0633 | C3: OTIS | D3: 13 | E3: 1600 | F3: 55044 | G3: 52291.8 | H3: 140307 | I3: 2752.2 | J3: 7357.18 | K3: 147664.18 | L3: NOT FF | M3: 46169 | N3: 0861-26
A4: L0003 | B4: K6NC0634 | C4: OTIS | D4: 4 | E4: 1000 | F4: 53783 | G4: 51093.85 | H4: 137682.66 | I4: 2689.15 | J4: 0 | K4: 0 | L4: NOT FF
A5: L0004 | B5: K6NC0635 | C5: OTIS | D5: 4 | E5: 1000 | F5: 53783 | G5: 51093.85 | H5: 137682.65 | I5: 2689.15 | J5: 0 | K5: 0 | L5: NOT FF
F6: 206698 | G6: 196352.25 | H6: 528018.6 | I6: 10345.75 | J6: 13278.99 | K6: 265932.28

Sheet Income Payments
A1: Latest Date | B1: Payment ID | C1: Financial Code | D1: Accrual | E1: Order | F1: Payment | G1: Paid % | H1: Due
A2: 45561 | B2: b993e2_ba_b36a2b | C2: 1.1.1.3. (+) ლიფტების საბაჟოზე შემოსვლის ან დასაწყობების ავანსი | D2: 31004.7 | E2: 31004.7 | F2: 30993.85 | G2: 0.9997 | H2: 10.85
A3: 45567 | B3: a009b1_ec_8a072a | C3: 1.1.1.5. (+) ლიფტების ჩაბარება | D3: 10334.9 | E3: 10334.9 | F3: 0 | G3: 0 | H3: 10334.9
A4: 45463 | B4: 51a575_51_bcfcf5 | C4: 1.1.1.2. (+) ლიფტების საქარხნო მზაობის ავანსი | D4: 82679.2 | E4: 82679.2 | F4: 82679.2 | G4: 1 | H4: 0
B5: 4ad91b_a1_8cfceb | C5: 1.1.1.4. (+) ლიფტების მონტაჟის პროგრესის ავანსი | D5: 0 | E5: 0 | F5: 0 | G5: 0 | H5: 0
B6: 4a7383_56_ac88eb | C6: 1.1.1.6. (+) ლიფტების თანხის დაკავების გარანტია | D6: 0 | E6: 0 | F6: 0 | G6: 0 | H6: 0
A7: 45394 | B7: 39dbcb_5e_a9dccc | C7: 1.1.1.1. (+) ლიფტების ავანსი | D7: 82679.2 | E7: 82679.2 | F7: 82679.2 | G7: 1 | H7: 0

Sheet Job Distributions
A1: Date | B1: Nominal Amount | C1: Nom ISO | D1: Amount | E1: Financial Code | F1: Payment ID | G1: Batch ID | H1: Description | I1: ID1 | J1: ID2 | K1: Job Name | L1: Factory No | M1: Selling Price | N1: Allocation % | O1: Distributed Amount | P1: Distributed Amount (Account Curr)
A2: 45561 | B2: 14784.45 | C2: USD | D2: 40315.71 | E2: 1.1.1.3. (+) ლიფტების საბაჟოზე შემოსვლის ან დასაწყობების ავანსი | F2: b993e2_ba_b36a2b | H2: პროდუქციის ღირებულება (ლიფტი) | შპს ლაქი ქონსთრაქშენი, 405370708, TBCBGE22, GE26TB7944936080100008 | I2: 13661157049 | J2: 1727188775 | K2: L0002 | L2: K6NC0633 | N2: 0.5534 | O2: 8181.7146 | P2: 22310.714
A3: 45561 | B3: 14784.45 | C3: USD | D3: 40315.71 | E3: 1.1.1.3. (+) ლიფტების საბაჟოზე შემოსვლის ან დასაწყობების ავანსი | F3: b993e2_ba_b36a2b | H3: პროდუქციის ღირებულება (ლიფტი) | შპს ლაქი ქონსთრაქშენი, 405370708, TBCBGE22, GE26TB7944936080100008 | I3: 13661157049 | J3: 1727188775 | K3: L0001 | L3: K6NC0632 | N3: 0.4466 | O3: 6602.7354 | P3: 18004.996
A4: 45466 | B4: 14869.8 | C4: USD | D4: 41636.93 | E4: 1.1.1.3. (+) ლიფტების საბაჟოზე შემოსვლის ან დასაწყობების ავანსი | F4: b993e2_ba_b36a2b | H4: ავანსი თანახმად ხელშეკრულებისა 05.02.2024 (14,869.80 აშშ დოლარის ექვივალენტი 2.8001) | შპს ლაქი ქონსთრაქშენი, 405370708, TBCBGE22, GE26TB7944936080100008 | I4: 12810368560 | J4: 1719168807 | K4: L0002 | L4: K6NC0633 | N4: 0.5 | O4: 74.349 | P4: 208.18465
A5: 45466 | B5: 14869.8 | C5: USD | D5: 41636.93 | E5: 1.1.1.3. (+) ლიფტების საბაჟოზე შემოსვლის ან დასაწყობების ავანსი | F5: b993e2_ba_b36a2b | H5: ავანსი თანახმად ხელშეკრულებისა 05.02.2024 (14,869.80 აშშ დოლარის ექვივალენტი 2.8001) | შპს ლაქი ქონსთრაქშენი, 405370708, TBCBGE22, GE26TB7944936080100008 | I5: 12810368560 | J5: 1719168807 | K5: L0004 | L5: K6NC0635 | N5: 0.4975 | O5: 7397.7255 | P5: 20714.373
A6: 45466 | B6: 14869.8 | C6: USD | D6: 41636.93 | E6: 1.1.1.3. (+) ლიფტების საბაჟოზე შემოსვლის ან დასაწყობების ავანსი | F6: b993e2_ba_b36a2b | H6: ავანსი თანახმად ხელშეკრულებისა 05.02.2024 (14,869.80 აშშ დოლარის ექვივალენტი 2.8001) | შპს ლაქი ქონსთრაქშენი, 405370708, TBCBGE22, GE26TB7944936080100008 | I6: 12810368560 | J6: 1719168807 | K6: L0003 | L6: K6NC0634 | N6: 0.4975 | O6: 7397.7255 | P6: 20714.373
A7: 45463 | B7: 5358.4 | C7: USD | D7: 15041.56 | E7: 1.1.1.2. (+) ლიფტების საქარხნო მზაობის ავანსი | F7: 51a575_51_bcfcf5 | G7: BTC_DEC51D_4E_5A5046 | H7: პროდუქციის ღირებულება (ლიფტი) | შპს ლაქი ქონსთრაქშენი, 405370708, TBCBGE22, GE26TB7944936080100008 | I7: 12775547609 | J7: 1718865385 | K7: L0002 | L7: K6NC0633 | N7: 0.2663 | O7: 1426.9419 | P7: 4005.5674
A8: 45463 | B8: 5358.4 | C8: USD | D8: 15041.56 | E8: 1.1.1.2. (+) ლიფტების საქარხნო მზაობის ავანსი | F8: 51a575_51_bcfcf5 | G8: BTC_DEC51D_4E_5A5046 | H8: პროდუქციის ღირებულება (ლიფტი) | შპს ლაქი ქონსთრაქშენი, 405370708, TBCBGE22, GE26TB7944936080100008 | I8: 12775547609 | J8: 1718865385 | K8: L0003 | L8: K6NC0634 | N8: 0.2602 | O8: 1394.2557 | P8: 3913.8139
A9: 45463 | B9: 5358.4 | C9: USD | D9: 15041.56 | E9: 1.1.1.2. (+) ლიფტების საქარხნო მზაობის ავანსი | F9: 51a575_51_bcfcf5 | G9: BTC_DEC51D_4E_5A5046 | H9: პროდუქციის ღირებულება (ლიფტი) | შპს ლაქი ქონსთრაქშენი, 405370708, TBCBGE22, GE26TB7944936080100008 | I9: 12775547609 | J9: 1718865385 | K9: L0004 | L9: K6NC0635 | N9: 0.2602 | O9: 1394.2557 | P9: 3913.8139
A10: 45463 | B10: 5358.4 | C10: USD | D10: 15041.56 | E10: 1.1.1.2. (+) ლიფტების საქარხნო მზაობის ავანსი | F10: 51a575_51_bcfcf5 | G10: BTC_DEC51D_4E_5A5046 | H10: პროდუქციის ღირებულება (ლიფტი) | შპს ლაქი ქონსთრაქშენი, 405370708, TBCBGE22, GE26TB7944936080100008 | I10: 12775547609 | J10: 1718865385 | K10: L0001 | L10: K6NC0632 | N10: 0.2133 | O10: 1142.9467 | P10: 3208.3647
A11: 45463 | B11: 1339.6 | C11: USD | D11: 3760.4 | E11: 1.1.1.3. (+) ლიფტების საბაჟოზე შემოსვლის ან დასაწყობების ავანსი | F11: b993e2_ba_b36a2b | G11: BTC_DEC51D_4E_5A5046 | H11: პროდუქციის ღირებულება (ლიფტი) | შპს ლაქი ქონსთრაქშენი, 405370708, TBCBGE22, GE26TB7944936080100008 | I11: 12775547609 | J11: 1718865385 | K11: L0004 | L11: K6NC0635 | N11: 0.5 | O11: 669.8 | P11: 1880.2
A12: 45463 | B12: 1339.6 | C12: USD | D12: 3760.4 | E12: 1.1.1.3. (+) ლიფტების საბაჟოზე შემოსვლის ან დასაწყობების ავანსი | F12: b993e2_ba_b36a2b | G12: BTC_DEC51D_4E_5A5046 | H12: პროდუქციის ღირებულება (ლიფტი) | შპს ლაქი ქონსთრაქშენი, 405370708, TBCBGE22, GE26TB7944936080100008 | I12: 12775547609 | J12: 1718865385 | K12: L0003 | L12: K6NC0634 | N12: 0.5 | O12: 669.8 | P12: 1880.2
A13: 45394 | B13: 77320.8 | C13: USD | D13: 206601.18 | E13: 1.1.1.2. (+) ლიფტების საქარხნო მზაობის ავანსი | F13: 51a575_51_bcfcf5 | G13: BTC_B8F991_9A_E5EE4F | H13: ავანსი თანახმად ხელშეკრულებისა 05.02.2024 (80,000 აშშ დოლარის ექვივალენტი 2.6720) | შპს ლაქი ქონსთრაქშენი, 405370708, TBCBGE22, GE26TB7944936080100008 | I13: 12175599131 | J13: 1712923332 | K13: L0004 | L13: K6NC0635 | N13: 0.2602 | O13: 20118.872 | P13: 53757.627
A14: 45394 | B14: 77320.8 | C14: USD | D14: 206601.18 | E14: 1.1.1.2. (+) ლიფტების საქარხნო მზაობის ავანსი | F14: 51a575_51_bcfcf5 | G14: BTC_B8F991_9A_E5EE4F | H14: ავანსი თანახმად ხელშეკრულებისა 05.02.2024 (80,000 აშშ დოლარის ექვივალენტი 2.6720) | შპს ლაქი ქონსთრაქშენი, 405370708, TBCBGE22, GE26TB7944936080100008 | I14: 12175599131 | J14: 1712923332 | K14: L0001 | L14: K6NC0632 | N14: 0.2133 | O14: 16492.527 | P14: 44068.032
A15: 45394 | B15: 77320.8 | C15: USD | D15: 206601.18 | E15: 1.1.1.2. (+) ლიფტების საქარხნო მზაობის ავანსი | F15: 51a575_51_bcfcf5 | G15: BTC_B8F991_9A_E5EE4F | H15: ავანსი თანახმად ხელშეკრულებისა 05.02.2024 (80,000 აშშ დოლარის ექვივალენტი 2.6720) | შპს ლაქი ქონსთრაქშენი, 405370708, TBCBGE22, GE26TB7944936080100008 | I15: 12175599131 | J15: 1712923332 | K15: L0002 | L15: K6NC0633 | N15: 0.2663 | O15: 20590.529 | P15: 55017.894
A16: 45394 | B16: 77320.8 | C16: USD | D16: 206601.18 | E16: 1.1.1.2. (+) ლიფტების საქარხნო მზაობის ავანსი | F16: 51a575_51_bcfcf5 | G16: BTC_B8F991_9A_E5EE4F | H16: ავანსი თანახმად ხელშეკრულებისა 05.02.2024 (80,000 აშშ დოლარის ექვივალენტი 2.6720) | შპს ლაქი ქონსთრაქშენი, 405370708, TBCBGE22, GE26TB7944936080100008 | I16: 12175599131 | J16: 1712923332 | K16: L0003 | L16: K6NC0634 | N16: 0.2602 | O16: 20118.872 | P16: 53757.627
A17: 45394 | B17: 2679.2 | C17: USD | D17: 7158.82 | E17: 1.1.1.1. (+) ლიფტების ავანსი | F17: 39dbcb_5e_a9dccc | G17: BTC_B8F991_9A_E5EE4F | H17: ავანსი თანახმად ხელშეკრულებისა 05.02.2024 (80,000 აშშ დოლარის ექვივალენტი 2.6720) | შპს ლაქი ქონსთრაქშენი, 405370708, TBCBGE22, GE26TB7944936080100008 | I17: 12175599131 | J17: 1712923332 | K17: L0004 | L17: K6NC0635 | N17: 0.2602 | O17: 697.12784 | P17: 1862.725
A18: 45394 | B18: 2679.2 | C18: USD | D18: 7158.82 | E18: 1.1.1.1. (+) ლიფტების ავანსი | F18: 39dbcb_5e_a9dccc | G18: BTC_B8F991_9A_E5EE4F | H18: ავანსი თანახმად ხელშეკრულებისა 05.02.2024 (80,000 აშშ დოლარის ექვივალენტი 2.6720) | შპს ლაქი ქონსთრაქშენი, 405370708, TBCBGE22, GE26TB7944936080100008 | I18: 12175599131 | J18: 1712923332 | K18: L0001 | L18: K6NC0632 | N18: 0.2133 | O18: 571.47336 | P18: 1526.9763
... A20: 45394 | B20: 2679.2 | C20: USD | D20: 7158.82 | E20: 1.1.1.1. (+) ლიფტების ავანსი | F20: 39dbcb_5e_a9dccc | G20: BTC_B8F991_9A_E5EE4F | H20: ავანსი თანახმად ხელშეკრულებისა 05.02.2024 (80,000 აშშ დოლარის ექვივალენტი 2.6720) | შპს ლაქი ქონსთრაქშენი, 405370708, TBCBGE22, GE26TB7944936080100008 | I20: 12175599131 | J20: 1712923332 | K20: L0003 | L20: K6NC0634 | N20: 0.2602 | O20: 697.12784 | P20: 1862.725
A21: 45327 | B21: 80000 | C21: USD | D21: 213504 | E21: 1.1.1.1. (+) ლიფტების ავანსი | F21: 39dbcb_5e_a9dccc | H21: ავანსი თანახმად ხელშეკრულებისა 05.02.2024 (80,000 აშშ დოლარის ექვივალენტი 2.6688) | შპს ლაქი ქონსთრაქშენი, 405370708, TBCBGE22, GE26TB7944936080100008 | I21: 11620991216 | J21: 1707145575 | K21: L0002 | L21: K6NC0633 | N21: 0.2663 | O21: 21304 | P21: 56856.115
A22: 45327 | B22: 80000 | C22: USD | D22: 213504 | E22: 1.1.1.1. (+) ლიფტების ავანსი | F22: 39dbcb_5e_a9dccc | H22: ავანსი თანახმად ხელშეკრულებისა 05.02.2024 (80,000 აშშ დოლარის ექვივალენტი 2.6688) | შპს ლაქი ქონსთრაქშენი, 405370708, TBCBGE22, GE26TB7944936080100008 | I22: 11620991216 | J22: 1707145575 | K22: L0001 | L22: K6NC0632 | N22: 0.2133 | O22: 17064 | P22: 45540.403
A23: 45327 | B23: 80000 | C23: USD | D23: 213504 | E23: 1.1.1.1. (+) ლიფტების ავანსი | F23: 39dbcb_5e_a9dccc | H23: ავანსი თანახმად ხელშეკრულებისა 05.02.2024 (80,000 აშშ დოლარის ექვივალენტი 2.6688) | შპს ლაქი ქონსთრაქშენი, 405370708, TBCBGE22, GE26TB7944936080100008 | I23: 11620991216 | J23: 1707145575 | K23: L0003 | L23: K6NC0634 | N23: 0.2602 | O23: 20816 | P23: 55553.741
A24: 45327 | B24: 80000 | C24: USD | D24: 213504 | E24: 1.1.1.1. (+) ლიფტების ავანსი | F24: 39dbcb_5e_a9dccc | H24: ავანსი თანახმად ხელშეკრულებისა 05.02.2024 (80,000 აშშ დოლარის ექვივალენტი 2.6688) | შპს ლაქი ქონსთრაქშენი, 405370708, TBCBGE22, GE26TB7944936080100008 | I24: 11620991216 | J24: 1707145575 | K24: L0004 | L24: K6NC0635 | N24: 0.2602 | O24: 20816 | P24: 55553.741
